{"cameraMode":{"drawMode":0,"name":"Shaded","section":"Shading Mode"},"sceneLighting":true,"audioPlay":false,"sceneViewState":{"m_AlwaysRefresh":false,"showFog":true,"showSkybox":true,"showFlares":true,"showImageEffects":true,"showParticleSystems":true,"showVisualEffectGraphs":true,"m_FxEnabled":true},"in2DMode":false,"pivot":{"x":-0.30800026655197146,"y":34.50749588012695,"z":-87.52085876464844},"rotation":{"x":0.08560455590486527,"y":0.4780776798725128,"z":-0.04702506586909294,"w":0.8730767369270325},"size":1.2598600387573243,"orthographic":false}